종목명,종목코드,현재가,거래량,거래대금,PER,PBR,EPS,BPS,배당률
삼성전자,005930,67100,23853052,1600539789200,13.56,1.159999966621399,4950.0,57951.0,2.1500000953674316
SK하이닉스,000660,269000,5245613,1411069897000,9.36,2.509999990463257,28732.0,107256.0,0.8199999928474426
네이버,035420,242000,703602,170271684000,19.05,1.4199999570846558,12702.0,170953.0,0.4699999988079071
