종목명,종목코드,현재가,거래대금,PER,PBR,EPS,BPS,배당률,z_PER,z_PBR,z_EPS,z_BPS,z_배당률,z_거래대금,score
삼성전자,005930,67100,1600539789200.0,13.56,1.159999966621399,4950.0,57951.0,2.1500000953674316,-0.10837803196309789,-0.9176508128612586,-1.0614212313227316,-1.1695924578416814,1.3863756469658886,0.8511806826228625,0.24769584560432997
SK하이닉스,000660,269000,1411069897000.0,9.36,2.509999990463257,28732.0,107256.0,0.8199999928474426,-1.1669541581142875,1.3907254757735303,1.3400552439088154,-0.10370948051074484,-0.4513781377279366,0.5524784620696285,0.408967500642205
네이버,035420,242000,170271684000.0,19.05,1.4199999570846558,12702.0,170953.0,0.4699999988079071,1.2753321900773855,-0.473074662912272,-0.278634012586084,1.2733019383524264,-0.9349975092379517,-1.403659144692491,-0.35666334624653495
