종목명,종목코드,현재가,PER,PBR,EPS,BPS,배당률,score
삼성전자,005930,63700.0,12.87,1.100000023841858,4950.0,57951.0,2.2699999809265137,0.003922480409575074
SK하이닉스,000660,298500.0,10.39,2.7799999713897705,28732.0,107256.0,0.7400000095367432,0.21802436767891165
,<<<<<<< HEAD,,,,,,,0.0
네이버,035420,249500.0,19.64,1.4600000381469727,12702.0,170953.0,0.44999998807907104,-0.11097342404424348
,=======,,,,,,,0.0
네이버,035420,249500.0,19.64,1.4600000381469727,12702.0,170953.0,0.44999998807907104,-0.11097342404424348
,>>>>>>> 4a27f38146733656025b2d13e5b4cc219821c6cb,,,,,,,0.0
